sequences,labels
TLILGWSDKLGSLLNQLAIANESLGGGTIAVMAERDKEDMELDIGKMEFDFKGTSVI,EEEECCCCCHHHHHHHHHHHHHHHCCCEEEEEECCCHHHHHHHHHCCCCCCCCCEEE
LYSGDHSTQGARFLRDLAENTGRAEYELLSLF,CCCCCHHHHHHHHHHHHHHCCCCCHHHHHHCC
GRFNVWLGGNESKIRQVLKAVKEIGVSPTLFAVYEKN,HHHHHCCCCCHHHHHHHHHHHHHHCCCHHHHHHHHHH
DELTALGGLLHDIGKPVQRAGLYSGDHSTQGARFLRDLAENTGRAEYELLSLF,HHHHHHHHHHCCCHHHHHCCCCCCCCHHHHHHHHHHHHHHCCCCCHHHHHHCC
KLGSLLNQLAIANESLGGGTIAVMAERDKEDMELDIGKMEFDFKGTSVI,CHHHHHHHHHHHHHHHCCCEEEEEECCCHHHHHHHHHCCCCCCCCCEEE
LFGAIGNAISAIHGQSAVEELVDAFVGGARISSAFPYSGDTYYLPKP,HHHHHHHHHHHHHCHHHHHHHHHHHHCCCEECCCEEEECCEEEEECC
LGGLLHDIGKPVQRAGLYSGDHSTQGARFLRDLAENTGRAEYELLSLF,HHHHHCCCHHHHHCCCCCCCCHHHHHHHHHHHHHHCCCCCHHHHHHCC
LYSGDHSTQGARFLRDLAENTGRAEYELLSLF,CCCCCHHHHHHHHHHHHHHCCCCCHHHHHHCC
ISAIHGQSAVEELVDAFVGGARISSAFPYSGDTYYLPKP,HHHHHCHHHHHHHHHHHHCCCEECCCEEEECCEEEEECC
SGSKASSDSQDANQCCTSCEDNAPATSYCVECSEPLCETCVEAHQRVKYTKDHTVRSTGPAKT,CCCCCCCCCCCCCCCCCCCCCCCCCCEEECCCCEEECHHHHHHHHHCCCCCCCCEEECCCCCC
